StartDate,EndDate,Status,IPAddress,Progress,Duration (in seconds),Finished,RecordedDate,ResponseId,RecipientLastName,RecipientFirstName,RecipientEmail,ExternalReference,LocationLatitude,LocationLongitude,DistributionChannel,UserLanguage,Q_RecaptchaScore,Q36,Q35,Q37,Q40,Q41,Q43,Q50_First Click,Q50_Last Click,Q50_Page Submit,Q50_Click Count,Q45_1,Q47_1,Q49,Q50,Q51_1,Q51_2,Q51_3,Q51_4,Q51_5,Q56_4,Q2,Q14,Q16,Q18,Q18_6_TEXT,Q19,Q27,Q26,Q20,Q54,Random ID,condition
Start Date,End Date,Response Type,IP Address,Progress,Duration (in seconds),Finished,Recorded Date,Response ID,Recipient Last Name,Recipient First Name,Recipient Email,External Data Reference,Location Latitude,Location Longitude,Distribution Channel,User Language,Q_RecaptchaScore,How many predicted hours would you spend using Taply on a weekly basis?,"Assuming you downloaded Taply, would you keep or delete the app?",I believe that Taply would follow through on its commitments and make donations to charitable causes.,Taplyâ€™s country of origin factored into my download decision.,"Generally speaking, I trust Chinese products and applications, like TikTok.","How frequently have you interacted with Chinese owned applications in the past week? Examples include TikTok, Weibo, WeChat, Alibaba, QQ.",Timing - First Click,Timing - Last Click,Timing - Page Submit,Timing - Click Count,"Please rate how you feel toward China on a feeling thermometer using a scale of 0 to 100. The higher the number, the warmer or more favorable you feel toward China, the lower the number, the colder or less favorable you feel. You can pick any number between 0 and 100. - 1","On the scale below, each end of the scale has opposing adjectives. Please choose a number on the scale that indicates how you would describe China where the number 1 corresponds to untrustworthy and the number 7 corresponds to trustworthy. - 1","In dealing with the growth of Chinese businesses, do you think the U.S. should:",Does international business between the U.S. and China do more to strengthen U.S. national security or weaken U.S. national security?,Would you support or oppose the following U.S. policies towards China? - Placing tariffs on products imported from China,Would you support or oppose the following U.S. policies towards China? - Restricting the exchange of scientific research between the U.S. and China,Would you support or oppose the following U.S. policies towards China? - Restricting economic engagement between American and Chinese companies,Would you support or oppose the following U.S. policies towards China? - Limiting the number of Chinese students studying in the United States,Would you support or oppose the following U.S. policies towards China? - Cooperating with China on international development assistance projects,"Please rate how you feel towards Chinese citizens on a feeling thermometer using a scale of 0 to 100. The higher the number, the warmer or more favorable you feel towards them, the lower the number, the colder or less favorable you feel. You can pick any number between 0 and 100.","50 States, D.C. and Puerto Rico",Are you male or female?,How old are you in years?,Choose one or more races that you consider yourself to be: - Selected Choice,Choose one or more races that you consider yourself to be: - Other - Text,Which ethnic group(s) best represents you?,"What types of social media apps, products, and services have you used in the last 12 months? Please select all that apply.",What is the highest level of school you have completed or the highest degree you have received?,"When it comes to politics, do you consider yourself a Democrat, Republican, an independent, or something else?",Information about income is very important to understand.  Would you please give your best guess?Please indicate the answer that includes your entire household income in (previous year) before taxes.,Random ID,condition
"{""ImportId"":""startDate"",""timeZone"":""America/Denver""}","{""ImportId"":""endDate"",""timeZone"":""America/Denver""}","{""ImportId"":""status""}","{""ImportId"":""ipAddress""}","{""ImportId"":""progress""}","{""ImportId"":""duration""}","{""ImportId"":""finished""}","{""ImportId"":""recordedDate"",""timeZone"":""America/Denver""}","{""ImportId"":""_recordId""}","{""ImportId"":""recipientLastName""}","{""ImportId"":""recipientFirstName""}","{""ImportId"":""recipientEmail""}","{""ImportId"":""externalDataReference""}","{""ImportId"":""locationLatitude""}","{""ImportId"":""locationLongitude""}","{""ImportId"":""distributionChannel""}","{""ImportId"":""userLanguage""}","{""ImportId"":""Q_RecaptchaScore""}","{""ImportId"":""QID29""}","{""ImportId"":""QID28""}","{""ImportId"":""QID30""}","{""ImportId"":""QID33""}","{""ImportId"":""QID34""}","{""ImportId"":""QID36""}","{""ImportId"":""QID50_FIRST_CLICK""}","{""ImportId"":""QID50_LAST_CLICK""}","{""ImportId"":""QID50_PAGE_SUBMIT""}","{""ImportId"":""QID50_CLICK_COUNT""}","{""ImportId"":""QID38_1""}","{""ImportId"":""QID40_1""}","{""ImportId"":""QID42""}","{""ImportId"":""QID43""}","{""ImportId"":""QID44_1""}","{""ImportId"":""QID44_2""}","{""ImportId"":""QID44_3""}","{""ImportId"":""QID44_5""}","{""ImportId"":""QID44_6""}","{""ImportId"":""QID55_4""}","{""ImportId"":""QID8""}","{""ImportId"":""QID12""}","{""ImportId"":""QID13""}","{""ImportId"":""QID14""}","{""ImportId"":""QID14_6_TEXT""}","{""ImportId"":""QID15""}","{""ImportId"":""QID20""}","{""ImportId"":""QID19""}","{""ImportId"":""QID16""}","{""ImportId"":""QID53""}","{""ImportId"":""Random ID""}","{""ImportId"":""condition""}"
2020-11-23 19:43:04,2020-11-23 19:54:16,0,24.91.255.97,100,671,1,2020-11-23 19:54:16,R_5j9ExOcK5eE1XTX,,,,,42.5883941650390625,-71.72660064697265625,anonymous,EN,0.90000000000000002220446049250313080847263336181640625,1,2,3,3,4,2,31.405,140.93,142.882,11,68,4,1,,,2,2,2,1,,22,2,,"1,4",,2,"1,2,3,4,5,6,7,10,11",5,1,,,
2020-11-23 19:55:41,2020-11-23 19:56:16,1,,100,34,1,2020-11-23 19:56:16,R_1H7FCwIUeNzg9fL,,,,,41.61810302734375,-74.32659912109375,preview,EN,0.90000000000000002220446049250313080847263336181640625,,,,,,,0,0,3.63,0,,,,,,,,,,,,,,,,,,,,,,
2020-11-24 08:00:09,2020-11-24 08:12:54,0,174.244.114.36,100,765,1,2020-11-24 08:12:54,R_1d4G29ksn7v0bfS,,,,,42.811492919921875,-73.864898681640625,anonymous,EN,0.90000000000000002220446049250313080847263336181640625,1,2,2,1,5,1,9.582,171.061,173.015,18,100,1,1,1,2,2,2,2,2,,33,1,,1,,,"2,11",2,1,,,
2020-11-29 15:59:14,2020-11-29 16:05:46,1,,100,392,1,2020-11-29 16:05:47,R_RUj260Elvnqq9FL,,,,,41.560302734375,-74.17449951171875,preview,EN,0.90000000000000002220446049250313080847263336181640625,,,,,,,0,0,1.226,0,,,,,,,,,,,,,,,,,,,,,,
2020-12-02 09:40:55,2020-12-02 09:50:38,0,128.12.122.110,100,583,1,2020-12-02 09:50:39,R_2s2Wd8BpYXS6AiR,,,,,37.423004150390625,-122.1638946533203125,anonymous,EN,0.90000000000000002220446049250313080847263336181640625,1,2,3,4,2,1,7.973,150.905,154.041,53,9,6,2,,2,2,2,2,1,,22,1,56,1,,,11,7,1,,,
2020-11-23 16:57:52,2020-11-29 13:33:21,0,74.64.68.127,59,506129,0,2020-12-06 13:33:24,R_2ql4FhB5gJJLPU6,,,,,,,anonymous,EN,0.90000000000000002220446049250313080847263336181640625,,,,,,,,,,,,,,,,,,,,,,,,,,,,,,,,
2020-12-12 14:09:04,2020-12-12 14:14:11,0,74.64.68.127,100,306,1,2020-12-12 14:14:11,R_2yaBuOqUYUighh8,,,,,41.61810302734375,-74.32659912109375,anonymous,EN,1,1,2,2,4,1,1,4.152,50.578,52.949,19,20,2,3,2,1,1,1,1,2,30,33,1,26,1,,,"1,11",2,3,2,Custom Value98891,chinahatedapp
2020-12-12 14:18:01,2020-12-12 14:18:53,1,,100,51,1,2020-12-12 14:18:53,R_Rac3OXhwJvcaIkp,,,,,41.61810302734375,-74.32659912109375,preview,EN,1,,,,,,,0,0,1.13,0,,,,,,,,,,,,,,,,,,,,,Custom Value94300,chinalovedapp
2020-12-12 14:24:39,2020-12-12 14:27:34,1,,100,174,1,2020-12-12 14:27:34,R_2bQ4x1GIhoJNknr,,,,,41.61810302734375,-74.32659912109375,preview,EN,1,1,1,2,5,1,1,5.015,43.967,49.209,11,12,3,3,,,,,,,29,6,2,,4,,"1,3,8",1,3,4,6,59652,chinahatedapp
2020-12-12 14:53:24,2020-12-12 14:54:56,1,,100,91,1,2020-12-12 14:54:57,R_1gCRI5umm1yZDKS,,,,,41.61810302734375,-74.32659912109375,preview,EN,1,3,1,1,2,4,3,1.4,11.225,11.864,13,59,3,2,2,1,1,2,1,2,85,5,1,25,1,,,9,3,3,3,70139,chinabaseapp
2020-12-12 15:21:59,2020-12-12 15:24:07,0,24.101.43.42,100,128,1,2020-12-12 15:24:07,R_3dEyMO4iptDkVOC,,,,,41.0995941162109375,-80.75229644775390625,anonymous,EN,1,1,2,3,2,2,1,2.448,34.874,35.386,16,67,3,1,,1,,,2,1,100,36,2,40,1,,,"1,2,4,11",5,1,3,10801,estoniabaseapp
2020-12-12 15:22:07,2020-12-12 15:28:05,0,68.9.87.234,100,358,1,2020-12-12 15:28:05,R_pPJgLvnBnc5QIyl,,,,,41.8860015869140625,-71.345703125,anonymous,EN,1,2,1,2,2,5,3,6.981,12.59,13.842,14,63,3,2,2,,2,1,2,1,60,41,1,28,1,,,"1,2,3,10",4,3,4,20130,chinahatedapp
2020-12-12 15:24:13,2020-12-12 15:29:18,0,216.227.117.188,100,305,1,2020-12-12 15:29:18,R_2B515LA724lNJOa,,,,,46.9210052490234375,-122.5937957763671875,anonymous,EN,1,1,2,2,4,1,1,5.58,78.045,79.751,11,10,1,3,2,1,1,1,1,2,30,49,2,64,1,,,"1,2,4,10,11",2,3,3,39835,chinahatedapp
2020-12-12 15:39:25,2020-12-12 15:42:10,0,75.97.235.116,100,164,1,2020-12-12 15:42:10,R_2zcF2aNawuVkVzF,,,,,40.8325042724609375,-75.7014007568359375,anonymous,EN,1,1,2,4,5,2,2,4.182,53.921,55.52,10,17,2,2,2,1,,2,2,1,71,39,1,36,1,,,"1,2,5,6,7,11",2,3,1,47943,chinalovedapp
2020-12-12 15:59:10,2020-12-12 16:06:27,0,198.23.237.11,100,437,1,2020-12-12 16:06:28,R_SPQdBmyoHTcEqaZ,,,,,42.0048065185546875,-87.99539947509765625,anonymous,EN,1,3,1,5,4,5,3,1.243,15.809,16.891,10,79,5,1,1,2,1,2,1,2,85,14,2,38,1,,,"1,2,11",6,2,3,55805,chinalovedapp
2020-12-12 16:11:47,2020-12-12 16:16:41,0,68.199.24.138,100,293,1,2020-12-12 16:16:41,R_3Db7KgPARsloJUH,,,,,40.6678924560546875,-74.1177978515625,anonymous,EN,1,5,1,4,3,3,1,6.753,60.856,62.168,14,81,6,1,1,2,2,2,2,1,81,31,1,67,1,,,"1,4,6,11",3,1,2,29420,chinalovedapp
2020-12-12 16:39:11,2020-12-12 16:42:55,0,99.110.140.104,100,224,1,2020-12-12 16:42:55,R_2aUJSj9EbKFBfLs,,,,,25.69580078125,-80.36260223388671875,anonymous,EN,1,2,1,4,2,3,2,5.493,56.244,57.007,14,45,2,1,,2,2,2,2,1,76,10,2,26,1,,,"4,6,7,11",5,1,3,67361,chinabaseapp
2020-12-12 17:00:20,2020-12-12 17:02:52,0,23.127.5.162,100,151,1,2020-12-12 17:02:52,R_3kFxAdD0fqNcfKe,,,,,40.1103973388671875,-83.11309814453125,anonymous,EN,0.8000000000000000444089209850062616169452667236328125,2,1,4,2,5,4,5.175,36.309,36.975,11,90,7,1,1,2,2,2,2,1,97,36,1,31,1,,,"1,6,7",4,3,2,54166,estoniabaseapp
2020-12-12 17:28:06,2020-12-12 17:29:31,0,70.167.218.115,100,85,1,2020-12-12 17:29:32,R_1DU6KmfIz9LXhD7,,,,,33.38250732421875,-111.875,anonymous,EN,1,1,2,1,1,1,1,0.771,13.839,14.4,13,6,1,1,2,1,1,1,1,1,5,3,1,35,1,,,"1,4",4,2,2,54527,chinabaseapp
2020-12-12 17:49:23,2020-12-12 17:51:41,0,74.64.68.127,100,137,1,2020-12-12 17:51:41,R_3fDBYwQ26stnaZR,,,,,41.61810302734375,-74.32659912109375,anonymous,EN,0.90000000000000002220446049250313080847263336181640625,3,1,4,2,2,1,1.444,55.271,55.987,16,40,4,2,,,2,,,1,56,11,2,31,1,,,"1,4,5,11",3,2,3,26475,estoniabaseapp
2020-12-12 18:08:03,2020-12-12 18:09:28,0,172.88.194.181,100,84,1,2020-12-12 18:09:28,R_1dst02PioHzYnNh,,,,,33.907501220703125,-117.78659820556640625,anonymous,EN,1,1,2,3,3,3,3,0.706,11.899,12.727,10,28,3,2,2,,,,,,33,5,1,30,1,,,"2,4,5,6,7,11",5,1,3,36591,chinabaseapp
2020-12-12 18:08:07,2020-12-12 18:09:52,0,74.105.122.242,100,104,1,2020-12-12 18:09:52,R_2PCloGpB0DXOUXU,,,,,40.8896942138671875,-74.48470306396484375,anonymous,EN,0.8000000000000000444089209850062616169452667236328125,3,1,3,3,3,4,0.656,22.007,22.909,32,61,3,2,2,2,1,1,1,,78,31,2,39,4,,4,"1,2,7",4,2,4,12157,chinalovedapp
2020-12-12 18:07:55,2020-12-12 18:09:53,0,70.40.112.35,100,118,1,2020-12-12 18:09:53,R_2yf8rgZKMuyb2G7,,,,,34.264404296875,-78.0590972900390625,anonymous,EN,0.90000000000000002220446049250313080847263336181640625,4,1,4,2,2,4,4.231,27.834,31.048,20,79,5,1,1,2,2,2,2,1,96,34,2,21,1,,,"1,2,5,6,7,11",3,1,3,86724,usabaseapp
2020-12-12 18:08:13,2020-12-12 18:10:41,0,68.0.171.104,100,147,1,2020-12-12 18:10:41,R_1FbSwxZF03JOhfT,,,,,33.7147064208984375,-112.2400970458984375,anonymous,EN,0.8000000000000000444089209850062616169452667236328125,3,1,4,4,4,3,3.037,21.661,23.019,11,100,7,1,2,2,1,2,,2,100,3,1,48,1,,,"1,2,6,10,11",5,2,2,34714,chinabaseapp
2020-12-12 18:08:13,2020-12-12 18:10:41,0,155.186.48.126,100,148,1,2020-12-12 18:10:41,R_2QYAoDdiEOKqjYA,,,,,38.643798828125,-90.53009796142578125,anonymous,EN,0.90000000000000002220446049250313080847263336181640625,1,2,3,3,1,1,3.365,37.103,37.764,23,19,2,2,,,,,2,,50,26,1,24,1,,,"2,3,4,5,7,11",3,2,7,72612,usabaseapp
2020-12-12 18:07:48,2020-12-12 18:10:43,0,72.181.5.166,100,175,1,2020-12-12 18:10:43,R_2sarhyUPhtW78CB,,,,,32.925994873046875,-96.9665985107421875,anonymous,EN,1,2,2,4,3,2,1,13.159,56.342,57.382,13,40,2,3,2,1,2,1,2,1,75,45,2,34,1,,,"1,4,7,11",3,3,3,65428,estoniabaseapp
2020-12-12 18:07:55,2020-12-12 18:10:45,0,75.109.79.84,100,170,1,2020-12-12 18:10:45,R_1qVSBxkQv64H7Vn,,,,,38.327392578125,-81.66899871826171875,anonymous,EN,1,3,1,4,1,4,3,2.301,34.998,36.162,14,100,7,1,1,2,2,2,2,1,100,50,1,41,1,,,"1,2,5,6,7,11",1,1,2,11979,estoniabaseapp
2020-12-12 14:23:06,2020-12-12 18:11:24,0,74.64.68.127,100,13697,1,2020-12-12 18:11:24,R_vCbUXpaG21heXHr,,,,,41.61810302734375,-74.32659912109375,anonymous,EN,1,2,1,2,5,4,3,1.139,25.657,26.591,15,61,5,2,2,1,1,2,1,1,47,7,1,29,1,,,"1,2,11",4,2,3,82732,chinalovedapp
2020-12-12 18:07:58,2020-12-12 18:11:24,0,71.87.120.90,100,206,1,2020-12-12 18:11:24,R_28NDQAnSIwFjeiP,,,,,43.74090576171875,-87.72979736328125,anonymous,EN,1,3,1,4,1,3,1,3.261,62.497,63.824,28,60,5,1,,2,1,2,2,1,85,51,1,35,1,,,"1,4,7,11",5,2,5,60493,chinalovedapp
2020-12-12 18:08:10,2020-12-12 18:11:29,0,108.18.96.52,100,199,1,2020-12-12 18:11:29,R_3m994MotqCYUlM7,,,,,38.7678985595703125,-77.453399658203125,anonymous,EN,1,2,2,4,1,3,1,6.247,49.613,50.5,17,4,1,2,2,1,2,1,2,1,71,48,2,41,1,,,"1,4,11",4,1,3,67768,usabaseapp
2020-12-12 18:08:24,2020-12-12 18:11:36,0,73.129.179.51,100,191,1,2020-12-12 18:11:36,R_3iIGUlRQtTWbPQL,,,,,39.3408050537109375,-76.40779876708984375,anonymous,EN,1,1,2,4,3,2,1,6.685,51.571,52.5,11,60,2,2,2,2,1,1,2,1,80,21,1,43,1,,,"1,2,3,4,7,11",8,1,3,98911,chinahatedapp
2020-12-12 18:08:42,2020-12-12 18:11:37,0,100.11.166.192,100,174,1,2020-12-12 18:11:37,R_2CCJ4Zmk6Bxh6Gb,,,,,39.7978973388671875,-75.53170013427734375,anonymous,EN,1,3,1,4,3,4,4,3.599,31.33,32.475,10,24,6,3,1,1,2,1,1,2,24,48,1,29,1,,,"1,2,10,11",5,2,4,48604,chinahatedapp
2020-12-12 18:08:55,2020-12-12 18:11:38,0,73.206.73.209,100,163,1,2020-12-12 18:11:38,R_0MoP971G8SoZ8Hf,,,,,29.57989501953125,-95.60849761962890625,anonymous,EN,0.90000000000000002220446049250313080847263336181640625,3,1,4,5,4,4,1.872,19.664,21.911,10,71,5,1,2,2,1,,2,1,72,11,1,26,1,,,"1,3,10",5,2,4,44492,estoniabaseapp
2020-12-12 18:08:44,2020-12-12 18:11:42,0,196.17.64.104,100,178,1,2020-12-12 18:11:42,R_02pSfhrdU0RXrFv,,,,,34.0543975830078125,-118.2440032958984375,anonymous,EN,0.90000000000000002220446049250313080847263336181640625,5,1,5,4,5,6,11.591,32.697,33.623,11,100,7,3,1,1,2,1,2,1,100,5,2,66,1,,,"1,2,5,10,11",6,1,4,42047,chinabaseapp
2020-12-12 18:08:09,2020-12-12 18:11:44,0,162.82.200.131,100,214,1,2020-12-12 18:11:44,R_RKVJjXHf7UbDVo5,,,,,42.51800537109375,-83.15760040283203125,anonymous,EN,1,2,1,3,2,3,2,2.901,51.145,52.114,24,25,4,1,,1,,,2,1,50,23,2,41,1,,,"1,4,5,6,11",5,1,4,92552,chinalovedapp
2020-12-12 18:09:21,2020-12-12 18:11:58,0,67.249.177.120,100,157,1,2020-12-12 18:11:59,R_3hfOaxL6a6OcXog,,,,,43.03070068359375,-74.98760223388671875,anonymous,EN,1,1,2,1,5,1,1,2.121,61.957,62.6,21,0,1,2,2,1,2,1,1,1,50,33,1,38,1,,,"1,3,4,7,11",6,3,5,40822,chinabaseapp
2020-12-12 18:08:32,2020-12-12 18:12:00,0,24.180.138.70,100,207,1,2020-12-12 18:12:00,R_3Gvn2xT3yK1119R,,,,,43.1772003173828125,-85.2472991943359375,anonymous,EN,0.8000000000000000444089209850062616169452667236328125,1,2,3,5,1,2,5.102,41.342,42.266,23,70,4,1,1,2,2,2,2,1,81,23,1,42,1,,,"1,4,7,11",3,1,2,25704,chinalovedapp
2020-12-12 18:09:09,2020-12-12 18:12:01,0,73.243.197.166,100,172,1,2020-12-12 18:12:02,R_OfkczLJAsr0pTEd,,,,,39.62530517578125,-104.7863006591796875,anonymous,EN,1,1,2,3,2,2,6,4.429,47.638,48.665,11,50,3,2,2,2,2,2,2,1,50,6,1,43,1,,,"1,2,3,4,7,10,11",3,3,2,61839,chinabaseapp
2020-12-12 18:09:19,2020-12-12 18:12:13,0,24.208.188.198,100,173,1,2020-12-12 18:12:13,R_8J5qmp6aA1H4ao9,,,,,40.7415924072265625,-84.15219879150390625,anonymous,EN,1,1,2,5,1,1,1,1.87,31.637,32.921,11,0,1,3,2,1,1,1,1,2,4,36,1,41,1,,,"1,4,6,7,11",4,2,2,37138,usabaseapp
2020-12-12 18:09:09,2020-12-12 18:12:14,0,196.17.66.100,100,184,1,2020-12-12 18:12:14,R_3gTwb7C8Ko97e4q,,,,,34.0543975830078125,-118.2440032958984375,anonymous,EN,1,4,1,5,5,4,4,0.755,27.762,28.891,21,93,6,1,1,1,1,2,1,1,89,5,1,58,1,,,"1,2,5,11",5,2,4,35600,chinalovedapp
2020-12-12 18:08:10,2020-12-12 18:12:14,0,99.66.2.243,100,243,1,2020-12-12 18:12:14,R_3P4PndjhQHiPZG8,,,,,30.1707000732421875,-95.50189971923828125,anonymous,EN,0.8000000000000000444089209850062616169452667236328125,2,2,4,2,4,2,15.703,49.885,50.638,26,62,5,2,1,1,1,1,2,1,72,45,2,41,1,,,"1,2,5,6,11",4,2,4,83725,chinahatedapp
2020-12-12 18:08:17,2020-12-12 18:12:17,0,68.3.41.36,100,239,1,2020-12-12 18:12:17,R_3Mos9pMkhyYtkkP,,,,,33.5037994384765625,-112.025299072265625,anonymous,EN,0.8000000000000000444089209850062616169452667236328125,1,2,3,1,1,1,3.43,50.502,52.153,12,0,1,3,2,2,1,1,1,2,6,3,1,68,6,Caucasian,,"1,2,3,4,7,11",8,2,6,81235,usabaseapp
2020-12-12 18:07:41,2020-12-12 18:12:32,0,47.209.37.204,100,291,1,2020-12-12 18:12:32,R_2VQQ5NjRhLxplIM,,,,,37.50140380859375,-118.4048004150390625,anonymous,EN,1,1,2,2,4,2,1,5.778,45.011,45.868,17,8,1,1,2,2,2,2,1,1,71,5,1,31,4,,5,"1,2,4,6,7,11",2,1,2,19727,chinahatedapp
2020-12-12 18:09:58,2020-12-12 18:12:36,0,216.186.159.106,100,158,1,2020-12-12 18:12:36,R_2pLVpENd25aYk0S,,,,,27.7888946533203125,-82.71920013427734375,anonymous,EN,1,2,2,3,1,4,2,5.762,58.113,59.266,25,49,3,1,,,2,,2,1,49,10,2,35,1,,,1,4,3,2,52879,chinabaseapp
2020-12-12 18:09:11,2020-12-12 18:12:50,0,96.242.166.13,100,218,1,2020-12-12 18:12:50,R_x5HgYQZMLs3Zkvn,,,,,40.793792724609375,-74.48780059814453125,anonymous,EN,0.8000000000000000444089209850062616169452667236328125,3,1,4,4,5,5,4.319,21.62,23.402,11,78,5,2,2,2,1,2,2,1,61,31,1,67,1,,,"2,7,10",5,1,3,36499,usabaseapp
2020-12-12 18:07:38,2020-12-12 18:13:06,0,67.233.159.42,100,327,1,2020-12-12 18:13:06,R_ZjCNCbPkMCgaZ6p,,,,,28.9340972900390625,-81.95989990234375,anonymous,EN,1,2,1,3,2,2,1,12.031,88.396,89.702,15,50,2,1,2,1,2,2,1,1,80,10,1,45,1,,,"1,2,3,4,7,11",5,3,2,97025,chinabaseapp
2020-12-12 18:07:46,2020-12-12 18:13:07,0,68.9.87.234,100,321,1,2020-12-12 18:13:08,R_1o0GNTBPTee8VCs,,,,,41.8860015869140625,-71.345703125,anonymous,EN,1,3,2,3,3,3,2,0.308,5.499,5.965,15,67,3,2,2,,,2,1,2,60,41,1,25,1,,,"1,4,6,9",4,3,3,57118,chinahatedapp
2020-12-12 18:08:11,2020-12-12 18:13:13,0,24.55.155.66,100,302,1,2020-12-12 18:13:13,R_1hSeUixdXzYC1Zq,,,,,40.5200958251953125,-75.77680206298828125,anonymous,EN,1,1,2,3,2,1,1,5.953,99.862,101.743,23,17,2,3,2,1,,1,,,64,39,2,57,1,,,"1,2,7,11",3,3,3,88121,chinahatedapp
2020-12-12 18:09:02,2020-12-12 18:13:17,0,76.222.214.144,100,254,1,2020-12-12 18:13:17,R_2e2bydrcWP7eX4m,,,,,42.175994873046875,-87.80899810791015625,anonymous,EN,0.90000000000000002220446049250313080847263336181640625,1,2,4,2,1,1,4.007,61.001,62.584,10,0,1,3,2,1,1,1,1,2,25,14,3,70,7,,,13,9,5,7,99200,usabaseapp
2020-12-12 18:08:14,2020-12-12 18:13:29,0,68.84.166.92,100,315,1,2020-12-12 18:13:29,R_qy0UlWgAaAe03PH,,,,,42.69189453125,-83.0558013916015625,anonymous,EN,1,3,1,4,4,4,2,1.47,16.596,17.687,10,93,6,2,1,1,1,1,1,1,86,26,1,32,1,,,"1,2,7,10,11",6,1,3,61670,chinalovedapp
2020-12-12 18:10:42,2020-12-12 18:13:29,0,37.120.157.150,100,167,1,2020-12-12 18:13:29,R_WBCUWYpdMX7vP4l,,,,,25.7805938720703125,-80.1826019287109375,anonymous,EN,0.90000000000000002220446049250313080847263336181640625,2,1,4,3,4,4,11.213,34.822,35.512,16,81,6,1,1,2,1,1,2,1,80,49,2,28,2,,,"1,2,5,6,7,10",8,1,3,57771,usabaseapp
2020-12-12 18:08:13,2020-12-12 18:13:41,0,23.117.40.62,100,328,1,2020-12-12 18:13:41,R_1gAVBfCBZRvw9H0,,,,,29.9149017333984375,-81.3672027587890625,anonymous,EN,0.8000000000000000444089209850062616169452667236328125,1,2,1,5,1,1,7.218,66.434,68.193,10,9,1,3,2,1,1,1,1,2,21,10,1,63,1,,,"3,11",5,2,5,49722,chinabaseapp
2020-12-12 18:10:53,2020-12-12 18:13:42,0,97.84.58.12,100,168,1,2020-12-12 18:13:43,R_3KJdDEtpoZ6AmBn,,,,,34.1757965087890625,-86.82900238037109375,anonymous,EN,1,2,1,4,4,4,2,1.177,12.447,13.378,10,100,7,2,1,1,1,1,1,1,93,1,2,32,1,,,"1,2,7,10",6,1,3,34577,estoniabaseapp
2020-12-12 18:08:27,2020-12-12 18:13:45,0,76.188.15.89,100,317,1,2020-12-12 18:13:45,R_2waTZ78aqDfBx6K,,,,,40.7353973388671875,-82.522003173828125,anonymous,EN,1,4,2,4,2,2,1,13.023,106.465,107.269,16,30,2,1,,2,2,,2,1,70,36,2,41,1,,,"1,2,4,7,11",2,1,2,20898,usabaseapp
2020-12-12 18:10:13,2020-12-12 18:13:55,0,23.84.70.152,100,222,1,2020-12-12 18:13:55,R_3LdMClKB7teA1hJ,,,,,38.6551971435546875,-90.2494964599609375,anonymous,EN,1,2,1,4,3,3,2,6.136,58.893,59.853,10,46,3,2,1,2,2,2,2,1,58,26,2,27,4,,2,"1,3,4,6,7,11",5,1,4,17780,estoniabaseapp
2020-12-12 18:09:21,2020-12-12 18:13:59,0,96.32.89.245,100,277,1,2020-12-12 18:13:59,R_1jTK3TbRYVgIXXT,,,,,33.9481964111328125,-83.9944000244140625,anonymous,EN,0.8000000000000000444089209850062616169452667236328125,4,1,4,5,4,3,8.701,22.834,23.73,10,71,5,2,2,1,1,2,2,1,70,11,2,27,1,,,"1,2,3,6,11",5,2,2,52671,chinahatedapp
2020-12-12 18:07:56,2020-12-12 18:14:04,0,99.25.96.104,100,367,1,2020-12-12 18:14:04,R_BXT56YIrDE91fXz,,,,,41.38470458984375,-81.7982025146484375,anonymous,EN,1,2,1,4,3,3,2,10.002,97.096,99.108,13,50,4,2,,,,2,,1,92,36,3,49,7,,,"1,3,4,6,11",9,5,7,97461,usabaseapp
2020-12-12 18:07:51,2020-12-12 18:14:07,0,73.214.83.191,100,375,1,2020-12-12 18:14:08,R_1NEOgGotztEMKaZ,,,,,39.6519927978515625,-79.94439697265625,anonymous,EN,1,4,1,4,2,1,1,2.504,63.94,64.777,12,0,1,1,,2,2,2,2,2,50,50,1,40,"1,4",,6,"1,2,3,4,7,11",5,1,3,22079,chinalovedapp
2020-12-12 18:09:18,2020-12-12 18:14:09,0,47.222.198.174,100,290,1,2020-12-12 18:14:09,R_2qvYNxhBqz1Fygx,,,,,32.5054931640625,-95.40309906005859375,anonymous,EN,1,3,1,4,4,3,4,3.999,31.411,33.82,13,87,6,2,1,2,2,1,2,1,87,45,1,44,2,,,"1,2",6,2,3,59762,estoniabaseapp
2020-12-12 18:10:14,2020-12-12 18:14:12,0,45.24.66.214,100,238,1,2020-12-12 18:14:12,R_31TLRMchWq9wZXN,,,,,32.76910400390625,-96.6053009033203125,anonymous,EN,1,6,1,4,2,4,3,4.2,65.831,66.73,10,42,4,2,,1,1,2,2,1,54,45,1,34,1,,,"4,6,7,11",5,2,2,20890,chinalovedapp
2020-12-12 18:08:36,2020-12-12 18:14:22,0,71.239.148.143,100,346,1,2020-12-12 18:14:23,R_eQaSzXGcUZA3izD,,,,,41.6779937744140625,-88.13950347900390625,anonymous,EN,0.90000000000000002220446049250313080847263336181640625,4,1,4,4,4,4,3.191,29.474,30.801,14,22,5,1,1,1,2,1,1,2,10,48,1,29,1,,,"1,2,10,11",5,2,4,22470,estoniabaseapp
2020-12-12 18:07:40,2020-12-12 18:14:24,0,50.32.133.26,100,404,1,2020-12-12 18:14:25,R_3h3FG35w7i1Vme1,,,,,41.347198486328125,-75.9853973388671875,anonymous,EN,1,3,1,4,2,3,1,19.231,89.411,90.444,19,30,2,2,,1,,1,,,50,39,2,46,1,,,"1,2,4,7,11",5,3,3,59510,estoniabaseapp
2020-12-12 18:11:28,2020-12-12 18:14:38,0,74.64.68.127,100,189,1,2020-12-12 18:14:38,R_1BxDqXbeaWRywil,,,,,41.61810302734375,-74.32659912109375,anonymous,EN,1,3,1,4,2,4,3,4.164,37.842,38.612,12,65,5,1,1,1,2,2,2,1,80,33,1,24,"1,4",,2,"1,2,3,4,6,7,8,11",5,1,4,43752,chinabaseapp
2020-12-12 18:08:52,2020-12-12 18:14:41,0,71.57.35.98,100,349,1,2020-12-12 18:14:41,R_2U4oBi3NZkLEEZ6,,,,,41.6786041259765625,-85.9579010009765625,anonymous,EN,0.90000000000000002220446049250313080847263336181640625,5,1,5,4,5,5,2.561,117.801,121.439,19,93,5,2,1,1,1,2,,1,87,10,1,32,1,,,"1,2,3,4,5,6,7,8,10,11",6,1,4,48085,chinahatedapp
2020-12-12 18:09:26,2020-12-12 18:14:47,0,173.29.212.98,100,321,1,2020-12-12 18:14:48,R_D7XCeTD6nw8z7ln,,,,,38.960205078125,-122.63339996337890625,anonymous,EN,0.90000000000000002220446049250313080847263336181640625,1,2,3,1,3,1,7.376,66.118,71.116,10,100,4,1,,,,,,,100,5,1,26,1,,,"4,11",2,3,7,93118,chinalovedapp
2020-12-12 18:07:53,2020-12-12 18:14:55,0,98.190.60.183,100,422,1,2020-12-12 18:14:55,R_efEuZudT7PdofhD,,,,,37.073699951171875,-76.49880218505859375,anonymous,EN,1,2,2,3,4,4,1,10.301,112.794,116.873,11,38,3,1,,,2,2,2,1,38,48,1,59,2,,,"1,11",4,3,2,18345,estoniabaseapp
2020-12-12 18:08:48,2020-12-12 18:15:01,0,45.46.202.239,100,372,1,2020-12-12 18:15:01,R_9Lbw2pwYTpaSBdD,,,,,43.0908050537109375,-77.4347991943359375,anonymous,EN,0.90000000000000002220446049250313080847263336181640625,3,1,4,3,4,1,2.815,58.679,59.566,12,63,5,2,2,2,1,1,1,1,51,33,2,34,1,,,"1,2,6,7,10,11",5,1,2,40556,chinabaseapp
2020-12-12 18:08:05,2020-12-12 18:15:05,0,71.28.172.134,100,419,1,2020-12-12 18:15:05,R_3fGBCtDNlTvTAA4,,,,,38.664703369140625,-84.07849884033203125,anonymous,EN,1,3,2,4,4,2,2,8.961,184.668,186.072,10,10,2,2,2,1,1,1,1,1,64,18,2,60,1,,,"1,2,4,11",4,1,2,54335,chinabaseapp
2020-12-12 18:08:20,2020-12-12 18:15:08,0,74.134.152.187,100,408,1,2020-12-12 18:15:09,R_3Lin8fb9q0EH9fb,,,,,38.308502197265625,-85.81600189208984375,anonymous,EN,0.8000000000000000444089209850062616169452667236328125,1,2,4,3,1,1,6.217,66.59,68.521,11,19,1,2,,1,1,1,1,2,87,15,2,64,"1,3",,,"1,11",6,3,2,41829,estoniabaseapp
2020-12-12 18:08:16,2020-12-12 18:15:13,0,68.111.136.73,100,416,1,2020-12-12 18:15:13,R_1oc2u5VQMQmpxo9,,,,,33.1365966796875,-117.06109619140625,anonymous,EN,0.90000000000000002220446049250313080847263336181640625,1,2,4,3,3,1,6.929,58.528,87.722,14,45,4,1,1,2,2,2,2,1,60,5,1,39,1,,,"1,2,7,11",5,3,2,96820,estoniabaseapp
2020-12-12 18:08:03,2020-12-12 18:16:23,0,24.246.174.54,100,499,1,2020-12-12 18:16:23,R_2w4hPr9SlffnJrr,,,,,35.3596038818359375,-82.42659759521484375,anonymous,EN,1,1,2,4,2,2,1,4.169,51.493,53.832,11,20,3,2,2,1,1,1,2,1,81,34,1,61,1,,,"1,2,3,4,11",6,1,3,56735,usabaseapp
2020-12-12 18:07:58,2020-12-12 18:16:41,0,196.16.109.134,100,522,1,2020-12-12 18:16:41,R_2wz54ZUsIygMbDz,,,,,34.0543975830078125,-118.2440032958984375,anonymous,EN,0.90000000000000002220446049250313080847263336181640625,5,1,5,2,3,2,5.27,55.997,57.092,17,69,6,1,1,1,1,2,1,1,74,5,2,41,1,,,"1,2,7,10,11",5,1,5,62150,chinalovedapp
2020-12-12 18:10:19,2020-12-12 18:16:58,0,76.209.100.118,100,398,1,2020-12-12 18:16:58,R_2V4IXz0lVH3z5We,,,,,33.9134979248046875,-84.6858978271484375,anonymous,EN,1,1,2,3,5,1,1,5.688,84.924,86.307,21,25,2,2,,1,,1,2,,80,11,2,52,1,,,"1,2,3,4,5,7,11",5,2,4,14491,chinabaseapp
2020-12-12 18:11:01,2020-12-12 18:16:59,0,196.17.67.8,100,357,1,2020-12-12 18:16:59,R_AMXOuoqiaHWO8h3,,,,,34.0543975830078125,-118.2440032958984375,anonymous,EN,1,4,1,3,4,4,5,3.525,82.054,82.868,8,85,6,1,1,1,1,1,1,1,89,5,1,51,1,,,"1,2,3",6,2,4,73606,chinalovedapp
2020-12-12 18:08:32,2020-12-12 18:17:06,0,196.17.64.56,100,514,1,2020-12-12 18:17:07,R_10ZzM9lisA3w2Xo,,,,,34.0543975830078125,-118.2440032958984375,anonymous,EN,0.90000000000000002220446049250313080847263336181640625,3,1,5,5,5,4,1.876,170.451,171.433,12,71,5,2,1,2,,2,1,2,72,6,2,37,1,,,"1,2,3,10",5,1,2,30543,estoniabaseapp
2020-12-12 18:10:09,2020-12-12 18:17:28,0,196.17.66.145,100,438,1,2020-12-12 18:17:28,R_UaNnaVtafKjEJs5,,,,,34.0543975830078125,-118.2440032958984375,anonymous,EN,0.8000000000000000444089209850062616169452667236328125,4,1,4,4,3,3,3.908,41.36,43.405,17,80,6,1,1,,1,1,1,,70,5,2,36,1,,,"1,2,5,7,10,11",5,1,4,81435,chinahatedapp
2020-12-12 18:15:32,2020-12-12 18:17:38,0,63.75.242.201,100,126,1,2020-12-12 18:17:38,R_2y8x5lOM6bg7F22,,,,,40.43060302734375,-74.40200042724609375,anonymous,EN,0.90000000000000002220446049250313080847263336181640625,4,1,4,3,4,3,1.793,14.501,15.338,13,65,5,2,2,1,2,1,2,1,73,33,2,60,1,,,"1,10",5,1,5,79749,estoniabaseapp
2020-12-12 18:08:09,2020-12-12 18:17:41,0,196.17.64.96,100,572,1,2020-12-12 18:17:42,R_UF7YTwMbtNsd8GJ,,,,,34.0543975830078125,-118.2440032958984375,anonymous,EN,0.8000000000000000444089209850062616169452667236328125,3,1,4,4,4,4,2.736,66.797,68.095,12,61,5,2,1,2,1,2,2,1,71,45,1,54,6,hispanic or latino,,"1,2,5,7,8,10,11",5,1,3,69916,chinahatedapp
2020-12-12 18:11:42,2020-12-12 18:17:43,0,45.71.19.176,100,360,1,2020-12-12 18:17:43,R_2zezNQ40aoKdu4l,,,,,40.69940185546875,-73.88829803466796875,anonymous,EN,0.90000000000000002220446049250313080847263336181640625,3,1,4,3,3,3,2.768,60.022,60.706,16,75,5,2,1,1,2,2,,1,80,36,1,52,1,,,"1,2,6,7,8",5,1,3,84906,chinahatedapp
2020-12-12 18:09:50,2020-12-12 18:18:06,0,196.17.66.78,100,495,1,2020-12-12 18:18:06,R_2QPudUtjOASqtVi,,,,,34.0543975830078125,-118.2440032958984375,anonymous,EN,0.90000000000000002220446049250313080847263336181640625,5,1,4,4,4,4,49.867,73.752,74.745,14,90,6,1,2,1,2,1,2,1,80,5,2,64,1,,,"1,2,3,7,10,11",6,1,3,67213,chinalovedapp
2020-12-12 18:09:17,2020-12-12 18:18:55,0,199.27.175.146,100,577,1,2020-12-12 18:18:55,R_1K89Cxd2SAv01WH,,,,,34.1717987060546875,-118.31999969482421875,anonymous,EN,0.90000000000000002220446049250313080847263336181640625,3,1,4,5,5,4,6.871,155.068,158.274,19,88,6,1,2,1,2,1,2,1,91,5,2,51,1,,,"1,5,6,7,10,11",6,1,3,35777,chinalovedapp
2020-12-12 18:16:48,2020-12-12 18:19:37,0,196.17.65.138,100,168,1,2020-12-12 18:19:38,R_3fPlbwBxDv6ndS4,,,,,34.0543975830078125,-118.2440032958984375,anonymous,EN,1,4,1,4,4,4,4,1.717,20.268,20.947,20,93,7,1,1,1,1,2,1,2,90,5,1,51,1,,,"1,2,3,7,10,11",6,1,3,82460,chinabaseapp
2020-12-12 18:12:36,2020-12-12 18:19:56,0,196.17.64.70,100,439,1,2020-12-12 18:19:57,R_ymPuLNCVug4SMO5,,,,,34.0543975830078125,-118.2440032958984375,anonymous,EN,,3,1,5,5,4,5,3.085,20.153,21.612,11,81,6,1,1,1,1,1,2,1,86,5,1,52,1,,,"1,2,5,10,11",5,2,4,71926,chinahatedapp
2020-12-12 18:08:00,2020-12-12 18:19:59,0,141.214.17.232,100,718,1,2020-12-12 18:19:59,R_3nw1g1ZUQkRm9Fy,,,,,42.28070068359375,-83.78009796142578125,anonymous,EN,1,5,1,5,3,1,5,3.969,133.191,133.964,13,10,1,2,,2,1,2,2,1,88,23,1,28,1,,,"1,2,3,4,5,6,7,10,11",5,3,3,39338,chinabaseapp
2020-12-12 18:07:47,2020-12-12 18:20:07,0,67.240.205.191,100,740,1,2020-12-12 18:20:08,R_3FUQVJfezeOVVBq,,,,,43.21429443359375,-77.93920135498046875,anonymous,EN,1,1,2,4,2,2,1,1.77,23.701,26.042,11,23,3,2,1,1,2,2,1,1,58,33,1,28,1,,,"1,2,4,5,7,11",5,1,2,84634,chinahatedapp
2020-12-12 18:10:00,2020-12-12 18:20:21,0,24.28.71.125,100,620,1,2020-12-12 18:20:21,R_1i57rXD4BXVuFTV,,,,,30.4031982421875,-97.75299835205078125,anonymous,EN,1,1,2,3,4,2,1,5.047,56.837,57.812,11,33,1,2,2,2,2,2,,2,50,45,2,41,2,,,"1,2,5,7,11",3,3,2,34460,chinahatedapp
2020-12-12 18:16:27,2020-12-12 18:20:29,0,108.64.75.194,100,242,1,2020-12-12 18:20:29,R_ByyvFoFHXPtSNzP,,,,,38.0662994384765625,-122.165496826171875,anonymous,EN,1,1,2,2,4,2,3,2.841,48.39,49.237,19,42,3,1,1,1,2,2,2,1,41,5,2,39,1,,,"1,2,3,4,5,6,7,11",5,1,6,22403,chinahatedapp
2020-12-12 18:18:06,2020-12-12 18:20:34,0,173.91.109.51,100,148,1,2020-12-12 18:20:34,R_2uV9yaYBeQeiseY,,,,,41.4600067138671875,-82.17479705810546875,anonymous,EN,1,3,1,3,3,3,1,4.662,39.176,39.837,16,30,2,1,,,,,,,73,36,1,38,1,,,"1,2,4,5,7,10,11",4,3,2,35045,chinalovedapp
2020-12-12 18:19:32,2020-12-12 18:20:41,0,47.7.97.67,100,69,1,2020-12-12 18:20:42,R_2EFRchou2PasnWk,,,,,30.5435943603515625,-89.68959808349609375,anonymous,EN,1,4,1,5,4,3,4,0.493,19.114,19.639,25,76,6,1,1,2,2,1,2,2,85,25,1,35,1,,,1,5,2,3,33209,estoniabaseapp
2020-12-12 18:15:54,2020-12-12 18:20:49,0,196.17.64.212,100,294,1,2020-12-12 18:20:49,R_3oEHgtdlfVCXZrt,,,,,34.0543975830078125,-118.2440032958984375,anonymous,EN,0.90000000000000002220446049250313080847263336181640625,4,1,4,4,4,4,1.079,27.647,28.232,7,72,5,1,1,1,1,1,1,,91,5,2,42,1,,,"1,2,3",5,2,4,82240,usabaseapp
2020-12-12 18:08:17,2020-12-12 18:20:59,0,73.58.156.36,100,761,1,2020-12-12 18:20:59,R_2fdR7xQyTnRNNwM,,,,,36.07110595703125,-86.71959686279296875,anonymous,EN,1,1,2,3,4,2,1,12.091,138.741,140.492,10,30,3,2,,1,,1,1,,70,44,2,57,1,,,"1,2,3,11",6,3,2,19413,chinalovedapp
2020-12-12 18:11:01,2020-12-12 18:21:37,0,72.84.109.234,100,636,1,2020-12-12 18:21:37,R_3CCqs6wuPm438oQ,,,,,36.796905517578125,-76.1797027587890625,anonymous,EN,1,2,1,4,1,4,2,4.053,60.33,61.246,16,60,5,1,1,2,2,2,2,1,70,48,2,46,1,,,"1,2,3,4,6,7,11",2,1,3,46101,usabaseapp
2020-12-12 18:09:17,2020-12-12 18:21:44,0,50.231.89.23,100,747,1,2020-12-12 18:21:44,R_8Id5UGd3jMC2XF7,,,,,33.8983001708984375,-84.58930206298828125,anonymous,EN,0.90000000000000002220446049250313080847263336181640625,3,1,4,4,2,1,20.041,318.936,320.16,13,20,2,3,1,2,2,,2,2,30,45,1,47,1,,,1,5,1,3,70888,usabaseapp
2020-12-12 18:18:42,2020-12-12 18:21:44,0,38.68.36.34,100,181,1,2020-12-12 18:21:44,R_2EiYdiXpdQDbVjr,,,,,37.751007080078125,-97.82199859619140625,anonymous,EN,1,3,1,3,3,3,2,4.473,43.649,45.779,15,51,4,2,1,2,,,1,1,55,29,1,29,2,,,"1,2,10,11",5,1,2,33362,chinabaseapp
2020-12-12 18:19:51,2020-12-12 18:22:28,0,63.75.250.243,100,156,1,2020-12-12 18:22:28,R_1q1A7R91D2ydDTh,,,,,42.5836029052734375,-83.4989013671875,anonymous,EN,0.90000000000000002220446049250313080847263336181640625,6,2,4,4,4,4,1.301,12.959,13.781,12,82,7,1,1,2,1,2,1,1,100,22,1,38,3,,,"1,2,10",6,2,3,40698,chinalovedapp
2020-12-12 18:08:00,2020-12-12 18:23:14,0,76.89.209.36,100,914,1,2020-12-12 18:23:15,R_1rrBtFe8wZmK7bS,,,,,33.7187957763671875,-118.0032958984375,anonymous,EN,1,2,2,2,3,3,2,7.686,148.118,185.307,21,65,5,2,,2,,2,2,,61,5,2,37,1,,,"1,2,7,11",5,2,3,38140,chinahatedapp
2020-12-12 18:21:18,2020-12-12 18:23:20,0,100.10.31.129,100,121,1,2020-12-12 18:23:20,R_3hhi4yxnp0hnDlL,,,,,41.6925048828125,-71.57050323486328125,anonymous,EN,0.90000000000000002220446049250313080847263336181640625,3,2,2,4,4,4,1.611,15.155,16.474,15,67,3,2,1,2,,2,1,2,69,48,1,30,1,,,"1,2,10,11",5,2,2,80497,chinabaseapp
2020-12-12 18:13:59,2020-12-12 18:23:36,0,71.136.150.232,100,577,1,2020-12-12 18:23:37,R_2rl1iwiFop69fsq,,,,,35.6598052978515625,-83.98670196533203125,anonymous,EN,1,3,1,4,3,1,1,22.263,169.487,170.747,13,10,1,3,2,1,1,,1,2,76,44,2,71,1,,,"1,2,11",4,2,2,14148,usabaseapp
2020-12-12 18:20:14,2020-12-12 18:23:42,0,196.17.64.122,100,208,1,2020-12-12 18:23:42,R_blVTroWsO5fvw4x,,,,,34.0543975830078125,-118.2440032958984375,anonymous,EN,0.90000000000000002220446049250313080847263336181640625,4,1,5,5,5,5,5.372,18.321,19.082,11,84,6,3,1,1,1,2,1,1,82,5,1,57,1,,,"1,2,5,10,11",5,2,4,56996,chinabaseapp
2020-12-12 18:20:01,2020-12-12 18:24:08,0,47.224.50.72,100,246,1,2020-12-12 18:24:08,R_6VSZVKegszcVPFv,,,,,45.608001708984375,-84.48670196533203125,anonymous,EN,1,2,1,3,2,3,2,4.877,58.459,59.897,10,50,5,1,,2,2,2,1,,50,23,1,46,1,,,"1,2,4,6,7,11",5,1,3,38784,chinahatedapp
2020-12-12 18:19:55,2020-12-12 18:24:47,0,98.10.51.54,100,291,1,2020-12-12 18:24:47,R_Au25yOlOyd88iRP,,,,,43.0800933837890625,-77.6342010498046875,anonymous,EN,0.90000000000000002220446049250313080847263336181640625,3,1,4,4,5,3,2.744,35.074,36.087,12,80,7,3,1,1,2,1,2,1,80,7,1,27,1,,,"1,2,7,10,11",5,1,3,74581,usabaseapp
2020-12-12 18:14:19,2020-12-12 18:25:17,0,104.37.172.149,100,658,1,2020-12-12 18:25:17,R_2eP6SEGHTPVTX5M,,,,,32.7787017822265625,-96.8217010498046875,anonymous,EN,0.90000000000000002220446049250313080847263336181640625,2,1,5,5,5,3,3.803,188.219,189.467,25,100,7,1,1,1,1,1,1,1,0,36,2,50,1,,,"1,2,11",5,1,2,79240,chinalovedapp
2020-12-12 18:19:44,2020-12-12 18:25:28,0,196.17.64.252,100,344,1,2020-12-12 18:25:29,R_3CWsME4vuW8Usbl,,,,,34.0543975830078125,-118.2440032958984375,anonymous,EN,0.90000000000000002220446049250313080847263336181640625,4,1,4,5,3,3,5.025,45.196,46.602,11,88,6,1,1,2,1,2,1,2,93,48,1,58,1,,,"1,2,6",5,1,2,15272,chinahatedapp
2020-12-12 18:23:14,2020-12-12 18:25:45,0,196.17.67.182,100,151,1,2020-12-12 18:25:46,R_3J3r2eAJfWyyzaX,,,,,34.0543975830078125,-118.2440032958984375,anonymous,EN,0.90000000000000002220446049250313080847263336181640625,5,1,4,5,4,6,1.455,13.962,14.661,15,100,7,3,1,1,1,1,1,1,100,5,2,57,1,,,"1,2,7,10,11",6,1,4,44391,chinahatedapp
2020-12-12 18:15:54,2020-12-12 18:26:09,0,67.11.101.181,100,615,1,2020-12-12 18:26:09,R_urA1V9GlE8qOomJ,,,,,29.6584014892578125,-98.4987030029296875,anonymous,EN,1,4,1,4,4,5,2,10.523,26.817,27.782,12,82,5,3,2,1,1,1,1,1,71,10,1,36,1,,,"1,2,7",5,2,4,48772,chinalovedapp
2020-12-12 18:22:53,2020-12-12 18:26:18,0,196.17.66.63,100,204,1,2020-12-12 18:26:18,R_cUdMI9FIGEF1sVH,,,,,34.0543975830078125,-118.2440032958984375,anonymous,EN,1,4,1,4,4,4,4,14.275,21.105,21.54,11,81,6,1,1,1,1,2,1,2,94,5,1,51,1,,,"1,2,3",6,2,4,83281,estoniabaseapp
2020-12-12 18:21:19,2020-12-12 18:26:32,0,98.35.81.150,100,313,1,2020-12-12 18:26:32,R_3Ma3DkikH7r84qs,,,,,37.30279541015625,-121.998199462890625,anonymous,EN,0.90000000000000002220446049250313080847263336181640625,2,1,5,5,3,2,6.901,36.928,39.186,16,70,7,1,1,1,1,2,1,1,84,5,1,36,1,,,"1,2,10,11",5,1,3,33198,estoniabaseapp
2020-12-12 18:22:52,2020-12-12 18:27:12,0,107.207.169.27,100,260,1,2020-12-12 18:27:13,R_2DS2UGIKUWzUU4z,,,,,37.4445953369140625,-122.183502197265625,anonymous,EN,1,1,2,3,2,2,1,4.375,112.596,113.646,14,30,3,2,2,2,2,2,2,1,88,5,2,48,"1,4",,6,"1,3,7,11",6,3,3,50920,chinahatedapp
2020-12-12 18:24:24,2020-12-12 18:27:14,0,71.61.18.143,100,170,1,2020-12-12 18:27:14,R_2E75kxjlhPU1dDV,,,,,40.4322052001953125,-80.1020965576171875,anonymous,EN,1,6,1,4,4,3,3,4.792,49.868,51.79,13,40,4,1,1,,2,2,2,1,65,39,1,41,1,,,"1,2,3,4,7,11",5,3,3,51771,chinalovedapp
2020-12-12 18:20:49,2020-12-12 18:27:18,0,71.219.8.119,100,389,1,2020-12-12 18:27:18,R_a8zLnqYtRpxgN69,,,,,38.0321044921875,-78.4889984130859375,anonymous,EN,1,1,2,4,1,3,1,1.225,178.912,179.601,38,31,2,1,1,2,2,2,2,1,80,48,2,28,1,,,"1,2,4,5,11",2,3,2,13204,estoniabaseapp
2020-12-12 18:22:33,2020-12-12 18:27:41,0,68.168.211.40,100,307,1,2020-12-12 18:27:41,R_2c1oASizEjDEfHb,,,,,37.751007080078125,-97.82199859619140625,anonymous,EN,1,3,1,4,5,3,3,15.22,54.433,56.486,14,82,6,3,1,1,1,1,1,1,83,39,1,30,1,,,"1,2,6,10,11",5,1,2,88013,usabaseapp
2020-12-12 18:17:13,2020-12-12 18:27:50,0,196.17.66.150,100,636,1,2020-12-12 18:27:50,R_31SGilIapmDfEO7,,,,,34.0543975830078125,-118.2440032958984375,anonymous,EN,1,3,1,4,5,4,4,58.404,74.041,78.331,15,88,6,3,1,1,1,1,2,1,92,5,1,45,1,,,"1,2,5,10,11",5,2,4,59629,chinalovedapp
2020-12-12 18:25:47,2020-12-12 18:28:57,0,196.17.64.24,100,189,1,2020-12-12 18:28:57,R_2zMaHDK0HDxqI5J,,,,,34.0543975830078125,-118.2440032958984375,anonymous,EN,0.90000000000000002220446049250313080847263336181640625,4,1,4,4,3,4,2.539,9.755,10.325,12,86,6,1,1,1,2,1,2,1,92,5,1,67,1,,,"1,2,3",6,2,3,85182,estoniabaseapp
2020-12-12 18:23:36,2020-12-12 18:29:31,0,69.115.237.12,100,355,1,2020-12-12 18:29:32,R_0uKfbWcllamR60x,,,,,40.8274993896484375,-73.12249755859375,anonymous,EN,0.90000000000000002220446049250313080847263336181640625,4,1,4,5,5,3,6.873,92.4,92.301,34,78,5,2,1,1,2,1,1,1,75,7,2,27,1,,,"1,2,6,7,10,11",5,1,3,44431,chinabaseapp
2020-12-12 18:24:40,2020-12-12 18:29:36,0,196.17.64.162,100,296,1,2020-12-12 18:29:37,R_1P80qMisgQN6EmF,,,,,34.0543975830078125,-118.2440032958984375,anonymous,EN,0.90000000000000002220446049250313080847263336181640625,2,1,4,2,3,1,8.661,119.296,120.69,17,19,2,2,1,2,1,2,2,1,50,5,2,44,1,,,"1,2,3,5,7,10,11",6,1,3,49999,chinalovedapp
2020-12-12 18:16:57,2020-12-12 18:31:01,0,196.17.65.110,100,844,1,2020-12-12 18:31:02,R_26gVOHcg8QsV6bG,,,,,34.0543975830078125,-118.2440032958984375,anonymous,EN,1,4,1,5,4,5,4,1.902,11.366,11.775,13,96,7,3,1,1,1,1,2,1,92,5,1,59,1,,,"1,2,5,10,11",5,2,4,70561,chinahatedapp
2020-12-12 18:29:59,2020-12-12 18:32:13,0,12.204.36.2,100,133,1,2020-12-12 18:32:13,R_1lbFGhdirtRnWhX,,,,,32.8983001708984375,-96.1260986328125,anonymous,EN,0.90000000000000002220446049250313080847263336181640625,1,2,1,5,1,1,2.443,32.409,33.599,12,0,1,3,2,1,1,1,1,2,10,45,1,29,1,,,"1,2,4,7,11",2,2,2,52975,chinabaseapp
2020-12-12 18:28:46,2020-12-12 18:32:16,0,98.212.214.93,100,209,1,2020-12-12 18:32:16,R_3Piapk8LLzt3GKp,,,,,42.0128021240234375,-88.09670257568359375,anonymous,EN,1,2,2,4,1,3,1,0.663,58.527,60.032,26,13,2,2,2,1,2,1,2,1,90,14,1,34,4,,4,"1,2,3,4,7,10,11",6,1,3,58598,usabaseapp
2020-12-12 18:24:53,2020-12-12 18:32:43,0,196.17.65.206,100,469,1,2020-12-12 18:32:43,R_3NQhPOT1xhbh6Jq,,,,,34.0543975830078125,-118.2440032958984375,anonymous,EN,0.90000000000000002220446049250313080847263336181640625,5,1,4,4,4,4,5.254,53.496,54.719,15,56,7,2,1,1,2,1,2,1,81,5,2,56,1,,,"2,6,10,11",6,1,3,93711,chinabaseapp
2020-12-12 18:26:51,2020-12-12 18:33:54,0,98.121.85.176,100,423,1,2020-12-12 18:33:54,R_31BjmICzEPbYmLl,,,,,36.1053009033203125,-79.87619781494140625,anonymous,EN,0.90000000000000002220446049250313080847263336181640625,2,1,4,4,5,2,64.792,75.03,75.603,14,73,6,2,1,1,1,,1,1,79,34,1,36,1,,,"1,2,7",5,2,4,19383,usabaseapp
2020-12-12 18:15:51,2020-12-12 18:34:34,0,76.185.81.50,100,1122,1,2020-12-12 18:34:34,R_xhdrrqfRvLlzEGd,,,,,32.6909942626953125,-97.191802978515625,anonymous,EN,0.90000000000000002220446049250313080847263336181640625,3,1,4,3,4,1,2.141,867.535,869.851,12,62,5,1,,1,,2,1,1,53,45,2,45,3,,,"1,6,10",5,1,3,32796,estoniabaseapp
2020-12-12 18:27:33,2020-12-12 18:34:44,0,196.17.66.89,100,431,1,2020-12-12 18:34:44,R_117Nkk3yQ4gMACR,,,,,34.0543975830078125,-118.2440032958984375,anonymous,EN,0.90000000000000002220446049250313080847263336181640625,5,1,4,4,4,4,1.575,15.698,16.841,12,89,6,1,1,1,1,1,1,1,90,5,2,55,1,,,"1,2,7,10,11",6,1,3,46436,chinalovedapp
2020-12-12 18:34:07,2020-12-12 18:36:25,0,8.18.121.71,100,137,1,2020-12-12 18:36:25,R_2WBegjLUvWGYCNG,,,,,37.751007080078125,-97.82199859619140625,anonymous,EN,1,4,1,4,4,5,4,1.389,21.891,23.421,15,76,6,1,2,1,2,2,1,2,79,38,1,65,1,,,2,5,3,2,43266,chinabaseapp
2020-12-12 18:31:41,2020-12-12 18:37:43,0,104.11.61.83,100,362,1,2020-12-12 18:37:43,R_1LdNa5LtrMNpJW4,,,,,37.95770263671875,-122.0756988525390625,anonymous,EN,0.90000000000000002220446049250313080847263336181640625,2,1,4,2,3,1,4.85,98.7,99.952,28,60,3,1,1,2,2,2,2,1,75,5,1,56,1,,,"1,2,3,7,11",6,1,6,26720,chinahatedapp
2020-12-12 18:35:10,2020-12-12 18:38:14,0,196.17.67.207,100,184,1,2020-12-12 18:38:15,R_2fdsaat3ANmCDsK,,,,,34.0543975830078125,-118.2440032958984375,anonymous,EN,0.90000000000000002220446049250313080847263336181640625,4,1,4,4,4,4,1.727,11.686,12.554,11,85,6,2,1,1,1,1,1,1,84,5,2,56,1,,,"1,2,3,10,11",6,1,3,19944,usabaseapp
2020-12-12 18:35:28,2020-12-12 18:39:29,0,69.203.100.227,100,241,1,2020-12-12 18:39:29,R_2dtBz1Vw9ur4TCb,,,,,40.701507568359375,-73.84220123291015625,anonymous,EN,1,2,2,2,3,2,1,7.501,43.462,45.013,11,31,3,3,2,2,1,1,1,2,17,33,1,34,1,,,"1,2,7,10",5,3,2,10825,chinahatedapp
2020-12-12 18:38:37,2020-12-12 18:40:02,0,98.200.159.45,100,84,1,2020-12-12 18:40:02,R_3GiBy1sKCQjyEIK,,,,,29.8737945556640625,-95.5233001708984375,anonymous,EN,1,4,1,4,4,4,4,0.78,14.433,16.572,11,65,5,2,1,2,2,1,2,2,67,45,1,38,1,,,1,4,3,2,57408,chinahatedapp
2020-12-12 18:37:56,2020-12-12 18:40:48,0,196.17.64.235,100,171,1,2020-12-12 18:40:48,R_3prpqUKaugqg2CS,,,,,34.0543975830078125,-118.2440032958984375,anonymous,EN,1,4,1,4,5,4,4,1.148,8.861,9.496,6,100,6,1,1,2,1,1,1,,95,5,1,49,1,,,"1,2,3",6,2,2,99519,chinabaseapp
2020-12-12 18:38:32,2020-12-12 18:41:58,0,98.37.76.135,100,205,1,2020-12-12 18:41:58,R_2wmiWOhT1jBIuAT,,,,,37.8083953857421875,-122.28459930419921875,anonymous,EN,1,3,1,4,2,4,2,1.584,46.353,47.285,11,70,6,1,1,2,2,2,2,2,90,5,1,34,1,,,"1,2,4,7,10,11",6,4,2,54288,estoniabaseapp
2020-12-12 18:40:10,2020-12-12 18:43:42,0,147.135.36.175,100,211,1,2020-12-12 18:43:43,R_3QMjoMWsslHma3i,,,,,45.539703369140625,-122.96379852294921875,anonymous,EN,0.8000000000000000444089209850062616169452667236328125,2,2,3,2,1,1,2.69,38.038,39.462,13,2,1,2,2,1,1,1,1,2,9,6,2,32,1,,,"1,7",6,2,3,58037,chinalovedapp
2020-12-12 18:29:50,2020-12-12 18:44:14,0,196.17.67.30,100,864,1,2020-12-12 18:44:14,R_8oFtk1C8IVDxgEV,,,,,34.0543975830078125,-118.2440032958984375,anonymous,EN,0.90000000000000002220446049250313080847263336181640625,4,1,4,5,4,5,3.891,13.345,14.066,8,71,6,1,1,2,1,1,1,1,92,5,1,54,1,,,"1,2,3",5,2,3,46072,estoniabaseapp
2020-12-12 18:08:19,2020-12-12 18:45:43,0,98.35.100.127,100,2244,1,2020-12-12 18:45:44,R_Au4s0AYBqVaD9oR,,,,,37.904296875,-122.0583953857421875,anonymous,EN,1,3,1,4,4,4,3,1.029,16.348,17.057,19,77,5,1,1,,2,,2,,73,5,1,33,4,,3,1,8,1,4,34317,estoniabaseapp
2020-12-12 18:44:25,2020-12-12 18:47:08,0,174.99.127.83,100,163,1,2020-12-12 18:47:09,R_zZscbN4jms5QgRH,,,,,35.896392822265625,-78.7115020751953125,anonymous,EN,1,1,2,3,5,1,1,4.289,40.947,43.431,14,0,1,3,2,1,1,1,1,2,50,34,1,37,1,,,"1,2,4,7,10,11",5,3,2,63938,chinalovedapp
2020-12-12 18:41:22,2020-12-12 18:48:28,0,63.75.254.106,100,425,1,2020-12-12 18:48:28,R_3qU47qTrDvix4MA,,,,,42.5836029052734375,-83.4989013671875,anonymous,EN,1,3,1,4,5,4,4,1.791,19.267,19.951,12,99,7,3,2,2,1,1,1,2,100,4,2,37,1,,,6,5,2,3,24459,usabaseapp
2020-12-12 18:47:40,2020-12-12 18:48:45,0,196.17.65.20,100,64,1,2020-12-12 18:48:46,R_V2ybO96B01TGerL,,,,,34.0543975830078125,-118.2440032958984375,anonymous,EN,1,5,1,4,4,4,4,0.899,7.812,8.218,6,74,5,1,1,1,1,1,,1,95,5,1,66,1,,,"1,2,3",5,2,4,90218,chinahatedapp
2020-12-12 18:47:34,2020-12-12 18:50:52,0,75.161.247.241,100,197,1,2020-12-12 18:50:52,R_0NBtLEBNvYeAuuR,,,,,35.11309814453125,-106.57810211181640625,anonymous,EN,1,1,2,4,2,2,1,6.242,59.799,61.717,14,40,3,1,1,2,2,2,2,1,75,32,1,38,1,,,"1,2,3,4,7,10,11",5,1,4,70591,usabaseapp
2020-12-12 18:49:24,2020-12-12 18:52:39,0,108.202.77.206,100,194,1,2020-12-12 18:52:39,R_2e5t6VGPTVJbOub,,,,,38.1042938232421875,-122.24420166015625,anonymous,EN,1,3,1,5,1,3,1,4.653,68.505,69.974,13,30,1,2,2,1,1,1,1,,75,5,1,48,1,,,"1,2,4,7,11",2,2,2,24902,estoniabaseapp
2020-12-12 18:49:58,2020-12-12 18:52:50,0,63.75.249.242,100,172,1,2020-12-12 18:52:50,R_1OxCWH7GHLmgsnm,,,,,29.7373046875,-95.3972015380859375,anonymous,EN,1,3,1,5,4,4,5,2.493,25.624,30.433,12,100,6,3,1,1,1,2,2,2,98,5,2,49,4,,3,2,5,2,3,41888,chinabaseapp
2020-12-12 18:54:00,2020-12-12 18:57:23,0,108.183.2.101,100,203,1,2020-12-12 18:57:24,R_saKT9GYtjnru4hz,,,,,42.7008056640625,-73.86009979248046875,anonymous,EN,0.90000000000000002220446049250313080847263336181640625,1,2,3,2,2,1,4.671,48.486,49.551,13,81,5,2,1,1,2,1,2,2,100,33,1,32,1,,,1,5,2,2,84959,chinabaseapp
2020-12-12 18:35:32,2020-12-12 18:58:47,0,24.181.229.118,100,1395,1,2020-12-12 18:58:48,R_1KxL7j3Njaz17Gd,,,,,42.2554931640625,-71.7718963623046875,anonymous,EN,1,3,1,4,2,4,2,2.465,32.165,33.658,10,84,6,1,1,1,1,1,2,1,88,22,1,39,1,,,"1,4,7,10,11",3,2,3,42554,chinalovedapp
2020-12-12 18:54:30,2020-12-12 18:59:09,0,68.84.201.254,100,278,1,2020-12-12 18:59:10,R_23fcn0FrxERYXJw,,,,,32.13360595703125,-111.09729766845703125,anonymous,EN,1,1,2,4,1,3,1,6.78,71.945,72.705,12,80,3,1,,,2,2,2,,100,3,2,42,1,,,"2,4,7,10,11",3,1,2,55008,chinahatedapp
2020-12-12 19:00:10,2020-12-12 19:00:41,0,68.191.33.60,100,30,1,2020-12-12 19:00:41,R_3mh0Sx596wBgRIN,,,,,41.3318939208984375,-73.23670196533203125,anonymous,EN,1,6,1,2,1,1,1,1.637,1.637,1.974,1,47,5,3,1,2,1,2,2,,48,4,1,35,1,,,7,5,5,2,95216,usabaseapp
2020-12-12 19:00:53,2020-12-12 19:02:43,0,67.245.112.210,100,110,1,2020-12-12 19:02:44,R_bPKWTIvvBJQ1Azf,,,,,40.7512969970703125,-73.82440185546875,anonymous,EN,1,3,1,4,2,4,2,2.195,29.041,29.677,14,64,5,1,,1,2,2,2,1,87,33,2,46,1,,,"1,2,4,6,7,11",5,1,3,60804,estoniabaseapp
2020-12-12 18:59:17,2020-12-12 19:02:51,0,72.65.252.103,100,214,1,2020-12-12 19:02:51,R_1QgUctM6ZSWsUMg,,,,,40.4235992431640625,-79.9824981689453125,anonymous,EN,1,5,1,4,3,3,3,2.982,68.248,69.319,22,53,3,1,1,2,,2,2,1,56,39,1,36,2,,,"1,2,4,5,6,7,8,11",4,1,3,44544,chinalovedapp
2020-12-12 19:08:48,2020-12-12 19:10:42,0,24.214.158.82,100,113,1,2020-12-12 19:10:42,R_8nYE90UyFfOcO6l,,,,,33.4485015869140625,-82.20110321044921875,anonymous,EN,1,3,1,4,4,4,3,2.01,20.281,20.924,10,82,6,1,1,2,2,2,2,1,87,11,2,37,2,,,"1,2,3",8,1,4,29166,usabaseapp
2020-12-12 19:08:27,2020-12-12 19:11:23,0,173.80.238.101,100,176,1,2020-12-12 19:11:23,R_1guWtzopNmyY4es,,,,,37.536895751953125,-81.37439727783203125,anonymous,EN,1,1,2,4,2,2,1,3.473,44.438,45.06,20,19,2,2,2,,,,2,2,100,50,2,32,1,,,"1,11",5,2,3,79632,estoniabaseapp
2020-12-12 18:08:10,2020-12-12 19:12:03,0,38.132.103.148,100,3833,1,2020-12-12 19:12:04,R_3fOS85X9UKbON8z,,,,,40.78759765625,-74.05999755859375,anonymous,EN,0.90000000000000002220446049250313080847263336181640625,4,1,4,3,2,1,1.239,29.735,30.893,22,74,6,1,1,1,1,2,1,2,78,10,2,28,2,,,"1,2,3,4,5,7,10,11",5,3,6,99149,chinabaseapp
2020-12-12 19:09:12,2020-12-12 19:12:46,0,69.219.162.88,100,213,1,2020-12-12 19:12:46,R_2X6BPg3TTcaugsC,,,,,40.6269073486328125,-122.35400390625,anonymous,EN,1,5,1,4,2,4,3,7.109,60.614,61.376,24,20,3,1,,1,1,1,2,,30,5,1,36,1,,,"1,2,4,5,6,7,11",2,2,3,61426,chinalovedapp
2020-12-12 19:09:48,2020-12-12 19:13:02,0,99.100.238.66,100,194,1,2020-12-12 19:13:03,R_1Dx9hoSTOagYISI,,,,,42.613006591796875,-83.03459930419921875,anonymous,EN,0.90000000000000002220446049250313080847263336181640625,4,1,4,1,5,5,6.661,44.644,45.394,10,94,7,1,1,2,2,2,2,1,94,23,2,58,1,,,"1,4,6",4,3,5,10151,chinabaseapp
2020-12-12 19:08:29,2020-12-12 19:13:16,0,24.252.82.248,100,286,1,2020-12-12 19:13:16,R_3lQdresRaA8mXue,,,,,29.93170166015625,-90.10260009765625,anonymous,EN,0.90000000000000002220446049250313080847263336181640625,1,2,3,2,4,2,5.348,61.811,63.853,10,35,3,1,,1,2,2,2,1,80,19,1,72,1,,,"1,4,6,7,11",6,1,2,90843,chinahatedapp
2020-12-12 19:11:02,2020-12-12 19:13:35,0,104.231.178.130,100,153,1,2020-12-12 19:13:36,R_1N2BFTCn2EyR2Gb,,,,,39.154693603515625,-84.59110260009765625,anonymous,EN,0.90000000000000002220446049250313080847263336181640625,4,1,4,4,4,4,2.391,33.624,35.039,17,100,7,1,1,,2,1,,2,100,36,1,53,1,,,1,5,1,2,22170,chinabaseapp
2020-12-12 19:12:43,2020-12-12 19:13:52,0,32.215.210.207,100,68,1,2020-12-12 19:13:52,R_1rjOGwFEgsrRwxZ,,,,,41.318603515625,-72.93019866943359375,anonymous,EN,1,4,1,2,4,4,3,0,0,10.928,0,62,5,2,,1,2,2,1,1,57,7,1,26,4,,2,"1,2,4,5,6,7,8,10,11",5,3,2,75629,chinalovedapp
2020-12-12 19:08:51,2020-12-12 19:14:12,0,196.17.65.85,100,320,1,2020-12-12 19:14:12,R_22Ypgn3u6cJZQ8n,,,,,34.0543975830078125,-118.2440032958984375,anonymous,EN,0.90000000000000002220446049250313080847263336181640625,2,1,3,3,3,2,2.623,49.113,49.898,11,44,4,1,,2,2,2,1,2,47,5,1,47,1,,,"1,2,3,6,10,11",5,1,2,63530,chinalovedapp
2020-12-12 19:08:35,2020-12-12 19:14:23,0,67.211.45.218,100,347,1,2020-12-12 19:14:23,R_3hEGawCDvaqGe2D,,,,,34.01409912109375,-118.3983001708984375,anonymous,EN,0.90000000000000002220446049250313080847263336181640625,3,1,4,4,2,3,30.956,65.504,68.392,12,34,3,2,2,1,2,1,1,2,42,45,1,38,1,,,1,5,1,2,10252,estoniabaseapp
2020-12-12 19:11:37,2020-12-12 19:14:24,0,172.58.35.12,100,166,1,2020-12-12 19:14:24,R_3p0bWm6Q9M7ZtAm,,,,,38.6638946533203125,-121.33879852294921875,anonymous,EN,1,2,2,3,2,2,1,5.321,54.619,55.319,20,9,2,2,2,1,1,1,1,,25,5,2,30,1,,,"1,2,3,4,5,11",4,3,3,21825,usabaseapp
2020-12-12 19:13:40,2020-12-12 19:16:21,0,154.21.233.76,100,160,1,2020-12-12 19:16:21,R_Wx59MGSDAmX3l7j,,,,,40.7126007080078125,-74.00659942626953125,anonymous,EN,0.8000000000000000444089209850062616169452667236328125,3,1,4,4,3,3,1.097,18.713,19.921,17,64,5,2,1,1,1,1,1,1,72,14,1,30,1,,,"1,2",6,2,3,89880,chinabaseapp
2020-12-12 19:11:48,2020-12-12 19:16:49,0,76.100.197.204,100,301,1,2020-12-12 19:16:50,R_2y9kG5eV83XddWU,,,,,39.324798583984375,-76.606201171875,anonymous,EN,1,3,1,4,1,5,3,6.832,70.653,72.918,12,80,6,1,1,2,2,2,2,1,100,21,1,50,2,,,"1,2,6,7,10,11",5,1,3,82659,chinahatedapp
2020-12-12 19:09:45,2020-12-12 19:17:00,0,63.75.255.235,100,435,1,2020-12-12 19:17:01,R_2Vwj7GRfdsCNryg,,,,,42.5836029052734375,-83.4989013671875,anonymous,EN,0.90000000000000002220446049250313080847263336181640625,1,1,4,4,3,2,1.4,103.769,104.512,21,92,3,2,1,1,1,1,1,1,89,48,1,37,4,,4,"1,2,5,7,10",5,2,4,86687,chinahatedapp
2020-12-12 19:13:10,2020-12-12 19:17:56,0,69.133.33.254,100,286,1,2020-12-12 19:17:57,R_2BxM79rESTONCTW,,,,,39.6244049072265625,-84.37640380859375,anonymous,EN,1,2,2,4,4,2,1,4.952,67.461,68.911,11,42,3,1,,2,2,2,2,1,70,36,1,60,1,,,"1,2,4,7,11",5,1,3,28297,chinalovedapp
2020-12-12 19:14:10,2020-12-12 19:18:05,0,108.176.236.31,100,235,1,2020-12-12 19:18:06,R_2TZVYHtIX1AZZND,,,,,44.096893310546875,-70.18630218505859375,anonymous,EN,0.8000000000000000444089209850062616169452667236328125,2,1,4,2,2,1,10.95,70.968,71.875,10,50,3,2,,1,1,1,1,,80,20,2,51,1,,,"2,11",3,2,3,61055,estoniabaseapp
2020-12-12 19:08:51,2020-12-12 19:18:22,0,50.231.89.23,100,570,1,2020-12-12 19:18:22,R_10Ze8BqIoUWlai9,,,,,33.8983001708984375,-84.58930206298828125,anonymous,EN,0.90000000000000002220446049250313080847263336181640625,3,1,4,4,5,2,3.847,26.213,28.047,12,73,6,2,2,2,,2,,,81,5,1,32,2,,,"10,11",5,2,2,74341,usabaseapp
2020-12-12 19:19:50,2020-12-12 19:21:58,0,8.44.142.59,100,128,1,2020-12-12 19:21:59,R_DdV8bzrv7kPj6x3,,,,,37.751007080078125,-97.82199859619140625,anonymous,EN,0.8000000000000000444089209850062616169452667236328125,5,1,5,4,5,5,1.193,12.926,14.746,15,74,6,2,1,2,1,2,1,1,82,1,1,54,1,,,"1,2,3,5",6,2,2,98536,estoniabaseapp
2020-12-12 19:14:10,2020-12-12 19:22:13,0,134.202.34.132,100,482,1,2020-12-12 19:22:13,R_Ap4lZK4lIjKPUlj,,,,,41.848297119140625,-87.651702880859375,anonymous,EN,1,2,1,3,2,2,1,15.285,145.415,147.237,12,8,2,3,,2,2,2,1,2,42,5,2,34,1,,,"1,2,7,10,11",6,3,2,44734,usabaseapp
2020-12-12 19:19:43,2020-12-12 19:22:59,0,66.69.134.224,100,195,1,2020-12-12 19:22:59,R_xAfx5YYpqIZUAdH,,,,,33.8925018310546875,-98.529296875,anonymous,EN,1,2,1,4,4,4,3,1.783,25.761,27.037,12,67,5,1,2,2,2,1,2,2,60,45,2,31,1,,,"1,10,11",5,2,2,40484,usabaseapp
2020-12-12 19:22:43,2020-12-12 19:26:13,0,196.17.66.242,100,209,1,2020-12-12 19:26:13,R_3GfedzLoAEXrWUR,,,,,34.0543975830078125,-118.2440032958984375,anonymous,EN,0.90000000000000002220446049250313080847263336181640625,4,1,4,5,5,5,80.048,113.165,114.412,13,87,6,1,1,2,1,1,2,1,86,5,1,57,1,,,"2,4,12",6,1,4,21989,chinalovedapp
2020-12-12 19:23:00,2020-12-12 19:26:26,0,70.121.5.71,100,205,1,2020-12-12 19:26:26,R_CeKaV2LoNTeXL1f,,,,,33.1493988037109375,-96.8280029296875,anonymous,EN,0.8000000000000000444089209850062616169452667236328125,3,1,4,4,5,3,2.492,54.228,55.222,11,81,7,3,1,1,1,1,1,1,80,45,2,29,1,,,"1,2,6,7,10,11",6,2,3,41723,usabaseapp
2020-12-12 19:23:21,2020-12-12 19:26:53,0,108.48.90.4,100,212,1,2020-12-12 19:26:54,R_297jL3Z2vIySYOs,,,,,39.0679931640625,-76.9933013916015625,anonymous,EN,0.90000000000000002220446049250313080847263336181640625,3,1,5,4,5,3,2.39,26.009,27.026,12,88,6,3,1,1,2,2,,2,85,21,1,36,2,,,1,6,1,4,35210,chinabaseapp
2020-12-12 19:24:37,2020-12-12 19:27:11,0,98.238.1.196,100,153,1,2020-12-12 19:27:11,R_XgHNEhcarlsvMbv,,,,,26.5337066650390625,-81.70619964599609375,anonymous,EN,0.90000000000000002220446049250313080847263336181640625,3,1,4,4,4,4,1.001,14.804,15.944,15,69,5,2,1,2,1,1,1,1,74,14,1,30,1,,,"1,2",6,2,3,82559,chinahatedapp
2020-12-12 19:22:48,2020-12-12 19:27:31,0,172.56.27.84,100,283,1,2020-12-12 19:27:31,R_paYvAeDeA4zVi13,,,,,27.96539306640625,-82.43070220947265625,anonymous,EN,0.8000000000000000444089209850062616169452667236328125,1,2,2,3,2,3,12.887,104.153,105.452,25,40,2,2,1,2,2,2,2,1,69,10,1,33,1,,,"1,2,11",3,1,2,41728,chinabaseapp
2020-12-12 19:26:55,2020-12-12 19:30:27,0,104.152.209.72,100,212,1,2020-12-12 19:30:28,R_3JKk5RctfPpI5ZE,,,,,43.63189697265625,-79.3715972900390625,anonymous,EN,0.90000000000000002220446049250313080847263336181640625,2,1,5,4,5,3,1.899,39.201,41.591,21,99,7,2,1,1,2,1,2,1,38,7,2,29,1,,,"1,2,7,10,11",5,1,2,58183,estoniabaseapp
2020-12-12 19:28:08,2020-12-12 19:30:57,0,24.246.238.130,100,169,1,2020-12-12 19:30:57,R_291fo1D7kmD4c6A,,,,,41.184906005859375,-75.3860015869140625,anonymous,EN,0.90000000000000002220446049250313080847263336181640625,3,1,4,5,4,3,1.99,29.034,31.243,10,83,6,2,1,1,1,1,2,2,84,34,1,46,2,,,"1,2,11",6,1,3,94825,chinahatedapp
2020-12-12 19:26:19,2020-12-12 19:31:04,0,63.75.250.195,100,284,1,2020-12-12 19:31:04,R_1XNZVEbCQeX95UB,,,,,42.5836029052734375,-83.4989013671875,anonymous,EN,0.90000000000000002220446049250313080847263336181640625,3,2,4,4,5,5,2.175,2.175,9.311,1,57,5,2,2,2,2,2,2,2,51,33,1,36,1,,,1,5,1,4,31250,chinalovedapp
2020-12-12 19:28:07,2020-12-12 19:31:32,0,108.174.86.87,100,205,1,2020-12-12 19:31:32,R_1gTJ59qIL7PBy5y,,,,,29.679595947265625,-98.94840240478515625,anonymous,EN,0.90000000000000002220446049250313080847263336181640625,4,1,5,4,5,4,11.284,36.958,38.008,11,86,6,3,1,2,,1,2,2,89,45,1,36,2,,,10,6,1,4,15894,estoniabaseapp
2020-12-12 19:27:07,2020-12-12 19:35:05,0,68.58.26.219,100,478,1,2020-12-12 19:35:06,R_2ATj6oxiLKBrspZ,,,,,39.7924041748046875,-86.28749847412109375,anonymous,EN,0.90000000000000002220446049250313080847263336181640625,3,1,3,2,4,3,1.579,41.08,43.501,16,60,5,2,1,,1,1,1,1,69,14,2,35,1,,,"1,5,6",5,1,3,19858,chinabaseapp
2020-12-12 19:24:22,2020-12-12 19:36:12,0,73.110.206.96,100,710,1,2020-12-12 19:36:13,R_3HojGmpHRnOhVtb,,,,,41.9927978515625,-87.80539703369140625,anonymous,EN,1,6,1,4,5,1,1,10.551,63.769,64.433,27,0,1,3,2,1,1,1,1,2,52,14,1,43,1,,,"1,2,10,11",4,3,3,55017,usabaseapp
2020-12-12 19:36:10,2020-12-12 19:39:03,0,68.119.148.38,100,172,1,2020-12-12 19:39:03,R_2wsG8mYLwjrlZC4,,,,,34.058197021484375,-118.12599945068359375,anonymous,EN,1,2,1,3,3,4,6,7.111,43.864,45.551,13,80,4,1,,2,2,2,2,2,80,5,1,32,4,,2,"1,2,4,7,8,9,11",5,3,4,30735,estoniabaseapp
2020-12-12 19:36:32,2020-12-12 19:39:50,0,71.66.105.252,100,197,1,2020-12-12 19:39:50,R_2YYdMngBHLHgQl7,,,,,39.5326995849609375,-87.32550048828125,anonymous,EN,0.90000000000000002220446049250313080847263336181640625,4,1,4,4,4,3,1.743,16.647,17.792,13,76,5,2,1,1,2,1,2,1,66,14,1,35,1,,,"1,2,3,6,7,10,11",5,1,2,44463,chinahatedapp
2020-12-12 19:34:51,2020-12-12 19:41:41,0,38.68.53.4,100,409,1,2020-12-12 19:41:41,R_1j6RQJEWzKvqQRX,,,,,37.751007080078125,-97.82199859619140625,anonymous,EN,0.90000000000000002220446049250313080847263336181640625,2,2,2,1,1,1,17.755,95.468,96.967,10,0,2,3,2,2,2,2,1,2,20,29,2,29,1,,,"1,2,7,10,11",5,3,2,43153,chinahatedapp
2020-12-12 19:31:55,2020-12-12 19:41:42,0,196.17.64.92,100,587,1,2020-12-12 19:41:43,R_2YMpXWGCCvDs07U,,,,,34.0543975830078125,-118.2440032958984375,anonymous,EN,1,5,1,4,4,4,5,13.739,108.587,111.534,16,92,6,2,1,1,1,1,1,1,82,5,2,43,1,,,"1,2,3,4,5,7,10,11",6,2,4,53716,chinalovedapp
2020-12-12 19:36:21,2020-12-12 19:42:52,0,67.242.37.143,100,390,1,2020-12-12 19:42:52,R_1q9cAUqd68j3xIo,,,,,42.928497314453125,-76.5590972900390625,anonymous,EN,1,4,1,4,4,4,3,1.293,11.06,11.679,10,72,5,2,1,1,1,2,1,2,79,15,1,36,1,,,"1,2,3,6,7,10,11",5,1,2,82451,chinalovedapp
2020-12-12 19:40:51,2020-12-12 19:43:56,0,74.72.142.129,100,185,1,2020-12-12 19:43:57,R_D0IzwhDCH0ox6h3,,,,,41.594696044921875,-74.50360107421875,anonymous,EN,1,1,2,2,4,2,1,4.019,56.205,58.887,14,34,2,2,,1,2,1,,2,75,33,1,45,1,,,4,2,1,4,48695,estoniabaseapp
2020-12-12 19:36:54,2020-12-12 19:44:46,0,100.2.40.82,100,472,1,2020-12-12 19:44:46,R_1dgojJCpgSZNT0S,,,,,40.66650390625,-73.545501708984375,anonymous,EN,1,3,1,4,4,4,3,0.985,11.099,11.601,11,63,5,2,1,1,2,2,1,2,66,14,1,38,1,,,"1,2,3,6,7,10,11",5,1,2,79324,usabaseapp
2020-12-12 19:35:21,2020-12-12 19:45:16,0,12.160.225.208,100,594,1,2020-12-12 19:45:16,R_8qQvzcGoX5TU6Y1,,,,,34.0543975830078125,-118.2440032958984375,anonymous,EN,0.90000000000000002220446049250313080847263336181640625,4,1,3,3,3,3,4.677,154.894,159.094,12,100,6,1,1,1,1,1,1,1,88,10,2,38,1,,,"1,7",5,1,4,23334,chinabaseapp
2020-12-12 19:34:19,2020-12-12 19:46:07,0,73.157.221.195,100,707,1,2020-12-12 19:46:07,R_2ztFPRVyupk52ws,,,,,45.46099853515625,-122.7052001953125,anonymous,EN,0.90000000000000002220446049250313080847263336181640625,4,1,4,4,4,4,1.433,13.571,15,10,62,5,2,1,1,1,1,1,1,64,14,1,29,1,,,"1,2",6,2,3,34397,usabaseapp
2020-12-12 19:12:07,2020-12-12 19:46:22,0,172.73.82.240,100,2054,1,2020-12-12 19:46:22,R_2wyqKqwxCBpsT6t,,,,,35.291595458984375,-80.820098876953125,anonymous,EN,1,4,1,4,5,4,2,1.598,19.583,20.971,11,76,6,2,2,2,,,2,,82,5,1,32,2,,,11,5,2,2,33354,estoniabaseapp
2020-12-12 19:43:22,2020-12-12 19:47:00,0,73.19.162.39,100,217,1,2020-12-12 19:47:01,R_6M5SRzH12VH49bP,,,,,30.1909027099609375,-85.6696014404296875,anonymous,EN,0.90000000000000002220446049250313080847263336181640625,3,1,4,4,4,3,1.406,10.099,10.904,11,62,5,2,1,1,1,2,2,1,66,12,2,32,1,,,"1,2,3,5,6,7,10,11",5,1,2,39582,chinahatedapp
2020-12-12 19:34:04,2020-12-12 19:47:30,0,74.67.196.241,100,805,1,2020-12-12 19:47:30,R_2CO4hZcgGGdUY8Q,,,,,43.018798828125,-76.16500091552734375,anonymous,EN,0.90000000000000002220446049250313080847263336181640625,2,1,4,4,4,3,1.226,11.386,12.542,11,67,5,2,1,1,1,2,1,1,63,14,1,32,1,,,"1,2",6,2,3,85191,chinabaseapp
2020-12-12 19:36:07,2020-12-12 19:47:42,0,96.238.149.173,100,695,1,2020-12-12 19:47:43,R_1I58MccxfCeYaSA,,,,,43.118896484375,-76.12709808349609375,anonymous,EN,1,3,1,3,4,2,3,1.224,29.954,31.989,13,77,5,3,1,,1,2,2,2,67,14,2,36,1,,,"1,2,6,10",5,1,3,53254,chinalovedapp
2020-12-12 19:35:20,2020-12-12 19:52:18,0,71.194.212.227,100,1017,1,2020-12-12 19:52:18,R_AnT4JfLi7tVtVYZ,,,,,41.527099609375,-87.25330352783203125,anonymous,EN,0.90000000000000002220446049250313080847263336181640625,3,1,4,4,4,4,0.996,13.599,15.28,12,66,5,2,1,1,1,1,1,1,64,14,1,33,1,,,"1,2",6,2,3,85289,chinalovedapp
2020-12-12 19:52:11,2020-12-12 19:54:12,0,73.1.236.102,100,121,1,2020-12-12 19:54:13,R_4ZUmb7H0xXOg0Vz,,,,,27.393707275390625,-80.31749725341796875,anonymous,EN,1,1,2,4,5,1,1,2.981,30.383,31.486,10,10,2,3,2,1,1,1,1,1,50,10,1,40,1,,,"1,2,4,7,11",3,1,2,42695,chinabaseapp
2020-12-12 19:56:01,2020-12-12 19:59:39,0,162.231.57.35,100,217,1,2020-12-12 19:59:39,R_3EMfXwpcVph2TKb,,,,,32.7404937744140625,-117.09349822998046875,anonymous,EN,1,2,2,5,2,3,1,5.912,54.085,54.919,11,100,7,2,,1,2,2,2,2,100,5,1,38,1,,,"1,2,4,5,11",5,3,3,32143,estoniabaseapp
2020-12-12 19:55:23,2020-12-12 20:00:28,0,196.17.65.99,100,304,1,2020-12-12 20:00:29,R_3p0gcsWphm6XwHQ,,,,,34.0543975830078125,-118.2440032958984375,anonymous,EN,0.8000000000000000444089209850062616169452667236328125,3,1,4,5,4,3,5.776,21.599,22.628,11,74,6,2,1,1,2,1,2,1,70,5,1,62,1,,,"1,2,6,10,11",5,2,3,90153,usabaseapp
2020-12-12 20:00:02,2020-12-12 20:05:17,0,75.146.171.178,100,315,1,2020-12-12 20:05:17,R_3r62mIbitFsQL1T,,,,,44.953399658203125,-93.3842010498046875,anonymous,EN,1,5,1,4,3,1,4,2.666,47.828,48.861,14,74,3,1,1,2,,2,,2,77,24,1,34,2,,,"2,7,10",6,2,3,58650,chinabaseapp
2020-12-12 20:04:52,2020-12-12 20:07:07,0,185.250.221.155,100,135,1,2020-12-12 20:07:08,R_31FM4sHrjYBpdNQ,,,,,34.0583953857421875,-118.2779998779296875,anonymous,EN,0.90000000000000002220446049250313080847263336181640625,5,1,4,5,5,4,1.345,15.64,16.401,11,89,7,2,2,2,1,2,1,2,94,33,1,29,3,,,"1,10,11",5,3,5,56557,chinalovedapp
2020-12-12 20:08:49,2020-12-12 20:13:26,0,71.72.211.74,100,277,1,2020-12-12 20:13:26,R_tRNW2IzXiYfvMWJ,,,,,40.74200439453125,-81.1031036376953125,anonymous,EN,0.90000000000000002220446049250313080847263336181640625,4,1,3,2,3,1,4.751,59.183,59.91,16,21,2,1,,2,2,2,2,1,100,36,2,31,1,,,"1,2,4,11",2,1,2,48894,usabaseapp
2020-12-12 20:09:15,2020-12-12 20:13:58,0,66.190.98.245,100,283,1,2020-12-12 20:13:58,R_1ClIobSrAn1a2k3,,,,,32.7191925048828125,-97.45050048828125,anonymous,EN,1,1,2,3,1,4,1,3.871,65.497,66.412,11,80,5,2,2,1,2,1,2,,85,45,1,47,1,,,"1,2,3,11",5,2,2,71929,chinahatedapp
2020-12-12 20:14:18,2020-12-12 20:18:19,0,173.61.40.73,100,240,1,2020-12-12 20:18:19,R_26lNjMgHriBqtlF,,,,,39.9463958740234375,-75.05169677734375,anonymous,EN,0.90000000000000002220446049250313080847263336181640625,1,2,2,4,2,2,4.547,59.293,60.685,11,30,2,2,2,2,2,2,1,1,85,31,1,49,1,,,"4,6,7,11",5,1,5,40091,estoniabaseapp
